INSERT INTO order_statuses (name, description) VALUES ('WAITINGPAYMENT', 'Still waiting for payment from the user');
INSERT INTO order_statuses (name, description) VALUES ('PENDING', 'The order has been created but not yet processed');
INSERT INTO order_statuses (name, description) VALUES ('PROCESSING', 'The order is being processed');
INSERT INTO order_statuses (name, description) VALUES ('SHIPPED', 'The order has been shipped and is on its way to the customer');
INSERT INTO order_statuses (name, description) VALUES ('DELIVERED', 'The order has been delivered to the customer');
INSERT INTO order_statuses (name, description) VALUES ('CANCELLED', 'The order has been cancelled by the customer or the store');
INSERT INTO order_statuses (name, description) VALUES ('REFUNDED', 'The payment for the order has been refunded to the customer');
INSERT INTO order_statuses (name, description) VALUES ('FAILED', 'The payment for the order has failed');

INSERT INTO product_categories (id, name, description) VALUES ('253d0ba9-35b6-442a-86ed-5f7a02591a4f', 'ELEKTRONIK', 'Produk elektronik');
INSERT INTO product_categories (id, name, description) VALUES ('f1bc395c-dc09-4f3f-90af-bf4e07a250f3', 'KENDARAAN', 'Produk kendaraan');
INSERT INTO product_categories (id, name, description) VALUES ('899f3232-5ce7-401f-a8a8-979a4664e8c1', 'MAKANAN', 'Produk makanan');
INSERT INTO product_categories (id, name, description) VALUES ('85c11f2a-7895-4773-8196-f60922c4024a', 'KEBERSIHAN', 'Produk kebersihan');
INSERT INTO product_categories (id, name, description) VALUES ('352451b1-7650-4c8f-9cb8-0c32df43ffaf', 'PAKAIAN', 'Produk pakaian');
INSERT INTO product_categories (id, name, description) VALUES ('b9ac37cc-25db-4467-acee-8997edd67d19', 'PERALATAN RUMAH', 'Produk perlatan rumah');

Insert Into products (name, category_id, description, price, updated_at) Values ('Ergonomic Cotton Chair', 'b9ac37cc-25db-4467-acee-8997edd67d19', 'New range of formal shirts are designed keeping you in mind. With fits and styling that will make you stand apart', '274', '2024-06-16 00:06:38.408 +0700');
Insert Into products (name, category_id, description, price, updated_at) Values ('Unbranded Bronze Tuna', '899f3232-5ce7-401f-a8a8-979a4664e8c1', 'The Football Is Good For Training And Recreational Purposes', '347', '2024-06-16 00:07:38.408 +0700');
Insert Into products (name, category_id, description, price, updated_at) Values ('Small Granite Salad', '899f3232-5ce7-401f-a8a8-979a4664e8c1', 'New ABC 13 9370, 13.3, 5th Gen CoreA5-8250U, 8GB RAM, 256GB SSD, power UHD Graphics, OS 10 Home, OS Office A & J 2016', '191', '2024-06-16 00:08:38.408 +0700');
Insert Into products (name, category_id, description, price, updated_at) Values ('Sleek Soft Motor', 'f1bc395c-dc09-4f3f-90af-bf4e07a250f3', 'The Apollotech B340 is an affordable wireless mouse with reliable connectivity, 12 months battery life and modern design', '965', '2024-06-16 00:09:38.408 +0700');
Insert Into products (name, category_id, description, price, updated_at) Values ('Handmade Wooden Chips', '899f3232-5ce7-401f-a8a8-979a4664e8c1', 'The automobile layout consists of a front-engine design, with transaxle-type transmissions mounted at the rear of the engine and four wheel drive', '529', '2024-06-16 00:10:38.408 +0700');
Insert Into products (name, category_id, description, price, updated_at) Values ('Oriental Bronze Towels', 'b9ac37cc-25db-4467-acee-8997edd67d19', 'The Nagasaki Lander is the trademarked name of several series of Nagasaki sport bikes, that started with the 1984 ABC800J', '320', '2024-06-16 00:11:38.408 +0700');
Insert Into products (name, category_id, description, price, updated_at) Values ('Gorgeous Concrete Chicken', '899f3232-5ce7-401f-a8a8-979a4664e8c1', 'New ABC 13 9370, 13.3, 5th Gen CoreA5-8250U, 8GB RAM, 256GB SSD, power UHD Graphics, OS 10 Home, OS Office A & J 2016', '8', '2024-06-16 00:12:38.408 +0700');
Insert Into products (name, category_id, description, price, updated_at) Values ('Rustic Rubber Salad', '899f3232-5ce7-401f-a8a8-979a4664e8c1', 'The automobile layout consists of a front-engine design, with transaxle-type transmissions mounted at the rear of the engine and four wheel drive', '731', '2024-06-16 00:13:38.408 +0700');
Insert Into products (name, category_id, description, price, updated_at) Values ('Intelligent Soft Cheese', '899f3232-5ce7-401f-a8a8-979a4664e8c1', 'Ergonomic executive chair upholstered in bonded black leather and PVC padded seat and back for all-day comfort and support', '490', '2024-06-16 00:14:38.408 +0700');
Insert Into products (name, category_id, description, price, updated_at) Values ('Oriental Rubber Chips', '899f3232-5ce7-401f-a8a8-979a4664e8c1', 'The Football Is Good For Training And Recreational Purposes', '769', '2024-06-16 00:15:38.408 +0700');
Insert Into products (name, category_id, description, price, updated_at) Values ('Handmade Concrete Keyboard', '253d0ba9-35b6-442a-86ed-5f7a02591a4f', 'The automobile layout consists of a front-engine design, with transaxle-type transmissions mounted at the rear of the engine and four wheel drive', '507', '2024-06-16 00:16:38.408 +0700');
Insert Into products (name, category_id, description, price, updated_at) Values ('Sleek Bronze Chair', 'b9ac37cc-25db-4467-acee-8997edd67d19', 'New ABC 13 9370, 13.3, 5th Gen CoreA5-8250U, 8GB RAM, 256GB SSD, power UHD Graphics, OS 10 Home, OS Office A & J 2016', '663', '2024-06-16 00:17:38.408 +0700');
Insert Into products (name, category_id, description, price, updated_at) Values ('Fantastic Wooden Hat', '352451b1-7650-4c8f-9cb8-0c32df43ffaf', 'The Football Is Good For Training And Recreational Purposes', '337', '2024-06-16 00:18:38.408 +0700');
Insert Into products (name, category_id, description, price, updated_at) Values ('Modern Plastic Towels', 'b9ac37cc-25db-4467-acee-8997edd67d19', 'The beautiful range of Apple Naturalé that has an exciting mix of natural ingredients. With the Goodness of 100% Natural Ingredients', '45', '2024-06-16 00:19:38.408 +0700');
Insert Into products (name, category_id, description, price, updated_at) Values ('Ergonomic Cotton Car', 'f1bc395c-dc09-4f3f-90af-bf4e07a250f3', 'New range of formal shirts are designed keeping you in mind. With fits and styling that will make you stand apart', '147', '2024-06-16 00:20:38.408 +0700');
Insert Into products (name, category_id, description, price, updated_at) Values ('Modern Rubber Bike', 'f1bc395c-dc09-4f3f-90af-bf4e07a250f3', 'New ABC 13 9370, 13.3, 5th Gen CoreA5-8250U, 8GB RAM, 256GB SSD, power UHD Graphics, OS 10 Home, OS Office A & J 2016', '636', '2024-06-16 00:21:38.408 +0700');
Insert Into products (name, category_id, description, price, updated_at) Values ('Fantastic Plastic Ball', 'b9ac37cc-25db-4467-acee-8997edd67d19', 'The Football Is Good For Training And Recreational Purposes', '703', '2024-06-16 00:22:38.408 +0700');
Insert Into products (name, category_id, description, price, updated_at) Values ('Recycled Granite Sausages', '899f3232-5ce7-401f-a8a8-979a4664e8c1', 'The Nagasaki Lander is the trademarked name of several series of Nagasaki sport bikes, that started with the 1984 ABC800J', '58', '2024-06-16 00:23:38.408 +0700');
Insert Into products (name, category_id, description, price, updated_at) Values ('Incredible Metal Chicken', '899f3232-5ce7-401f-a8a8-979a4664e8c1', 'The Football Is Good For Training And Recreational Purposes', '934', '2024-06-16 00:24:38.408 +0700');
Insert Into products (name, category_id, description, price, updated_at) Values ('Licensed Frozen Cheese', '899f3232-5ce7-401f-a8a8-979a4664e8c1', 'The Apollotech B340 is an affordable wireless mouse with reliable connectivity, 12 months battery life and modern design', '939', '2024-06-16 00:25:38.408 +0700');
Insert Into products (name, category_id, description, price, updated_at) Values ('Fantastic Bronze Chips', '899f3232-5ce7-401f-a8a8-979a4664e8c1', 'The beautiful range of Apple Naturalé that has an exciting mix of natural ingredients. With the Goodness of 100% Natural Ingredients', '398', '2024-06-16 00:26:38.408 +0700');
Insert Into products (name, category_id, description, price, updated_at) Values ('Generic Wooden Soap', 'b9ac37cc-25db-4467-acee-8997edd67d19', 'Andy shoes are designed to keeping in mind durability as well as trends, the most stylish range of shoes & sandals', '343', '2024-06-16 00:27:38.408 +0700');
Insert Into products (name, category_id, description, price, updated_at) Values ('Recycled Bronze Cheese', '899f3232-5ce7-401f-a8a8-979a4664e8c1', 'Andy shoes are designed to keeping in mind durability as well as trends, the most stylish range of shoes & sandals', '243', '2024-06-16 00:28:38.408 +0700');
Insert Into products (name, category_id, description, price, updated_at) Values ('Small Granite Chair', 'b9ac37cc-25db-4467-acee-8997edd67d19', 'Andy shoes are designed to keeping in mind durability as well as trends, the most stylish range of shoes & sandals', '553', '2024-06-16 00:29:38.408 +0700');
Insert Into products (name, category_id, description, price, updated_at) Values ('Fantastic Metal Salad', '899f3232-5ce7-401f-a8a8-979a4664e8c1', 'The Apollotech B340 is an affordable wireless mouse with reliable connectivity, 12 months battery life and modern design', '1000', '2024-06-16 00:30:38.408 +0700');
Insert Into products (name, category_id, description, price, updated_at) Values ('Sleek Granite Bike', 'f1bc395c-dc09-4f3f-90af-bf4e07a250f3', 'Andy shoes are designed to keeping in mind durability as well as trends, the most stylish range of shoes & sandals', '663', '2024-06-16 00:31:38.408 +0700');
Insert Into products (name, category_id, description, price, updated_at) Values ('Luxurious Bronze Keyboard', '253d0ba9-35b6-442a-86ed-5f7a02591a4f', 'Andy shoes are designed to keeping in mind durability as well as trends, the most stylish range of shoes & sandals', '7', '2024-06-16 00:32:38.408 +0700');
Insert Into products (name, category_id, description, price, updated_at) Values ('Modern Metal Car', 'f1bc395c-dc09-4f3f-90af-bf4e07a250f3', 'The slim & simple Maple Gaming Keyboard from Dev Byte comes with a sleek body and 7- Color RGB LED Back-lighting for smart functionality', '808', '2024-06-16 00:33:38.408 +0700');
Insert Into products (name, category_id, description, price, updated_at) Values ('Small Rubber Tuna', '899f3232-5ce7-401f-a8a8-979a4664e8c1', 'The Football Is Good For Training And Recreational Purposes', '501', '2024-06-16 00:34:38.408 +0700');